chr5	36876778	T	G	1	6.58085e-06
chr5	36876781	G	A	1	6.57488e-06
chr5	36876784	G	A	1	6.57575e-06
chr5	36876785	G	T	1	6.57419e-06
chr5	36876792	G	A	8	5.26302e-05
chr5	36876793	G	C	1	6.57791e-06
chr5	36876796	C	CGA	1	6.58536e-06
chr5	36876796	CGA	C	4	2.63414e-05
chr5	36876796	CGAGA	C	1	6.58527e-06
chr5	36876798	A	C	1	6.58345e-06
chr5	36876799	G	A	1	6.58111e-06
chr5	36876799	G	C	1	6.58111e-06
chr5	36876801	G	A	2	1.31598e-05
chr5	36876802	A	G	1	6.59057e-06
chr5	36876802	A	T	1	6.59057e-06
chr5	36876803	G	A	2	1.31634e-05
chr5	36876805	G	A	1	6.58354e-06
chr5	36876805	G	C	6	3.95007e-05
chr5	36876811	C	G	1	6.58475e-06
chr5	36876813	C	G	1	6.58553e-06
chr5	36876814	A	G	1	6.59639e-06
chr5	36876815	G	A	5	3.29394e-05
chr5	36876817	G	A	1	6.60031e-06
chr5	36876819	T	C	1	6.66267e-06
chr5	36876819	TCCTTCCCCCCGC	T	5	3.33133e-05
chr5	36876822	T	G	2	1.35139e-05
chr5	36876822	T	TTCCCCCCGCCC	1	6.75676e-06
chr5	36876823	T	C	9	7.29466e-05
chr5	36876823	T	G	1	8.10517e-06
chr5	36876823	T	TC	115	0.000932261
chr5	36876823	T	TCC	4	3.24191e-05
chr5	36876823	T	TCCACCCCCCCCCC	1	8.10478e-06
chr5	36876823	T	TCCCC	103	0.000835117
chr5	36876823	T	TCCCCC	11	8.91569e-05
chr5	36876823	T	TCCCCCC	575	0.00467024
chr5	36876823	T	TCCCCCCC	2	1.62096e-05
chr5	36876823	T	TCCCCCCCC	114	0.000924334
chr5	36876823	T	TCCCCCCCCC	47	0.000381011
chr5	36876823	T	TCCCCCCCCCC	70	0.000567463
chr5	36876823	T	TCCCCCCCCCCC	44	0.000356657
chr5	36876823	T	TCCCCCCCCCCCC	41	0.000332339
chr5	36876823	T	TCCCCCCCCCCCCC	37	0.000299891
chr5	36876823	T	TCCCCCCCCCCCCCC	21	0.000170214
chr5	36876823	T	TCCCCCCCCCCCCCCC	11	8.91583e-05
chr5	36876823	T	TCCCCCCCCCCCCCCCC	11	8.9154e-05
chr5	36876823	T	TCCCCCCCCCCCCCCCCC	3	2.43151e-05
chr5	36876823	T	TCCCCCCCCCCCCCCCCCC	18	0.000145891
chr5	36876823	T	TCCCCCCCCCCCCCCCCCCC	33	0.000267466
chr5	36876823	T	TCCCCCCCCCCCCCCCCCCCC	25	0.000202626
chr5	36876823	T	TCCCCCCCCCCCCCCCCCCCCC	27	0.000218854
chr5	36876823	T	TCCCCCCCCCCCCCCCCCCCCCC	19	0.000153996
chr5	36876823	T	TCCCCCCCCCCCCCCCCCCCCCCC	11	8.91555e-05
chr5	36876823	T	TCCCCCCCCCCCCCCCCCCCCCCCC	28	0.000226956
chr5	36876823	T	TCCCCCCCCCCCCCCCCCCCCCCCCC	19	0.000154006
chr5	36876823	T	TCCCCCCCCCCCCCCCCCCCCCCCCCC	27	0.000218854
chr5	36876823	T	TCCCCCCCCCCCCCCCCCCCCCCCCCCC	19	0.000153991
chr5	36876823	T	TCCCCCCCCCCCCCCCCCCCCCCCCCCCC	36	0.000291777
chr5	36876823	T	TCCCCCCCCCCCCCCCCCCCCCCCCCCCCC	13	0.000105366
chr5	36876823	T	TCCCCCCCCCCCCCCCCCCCCCCCCCCCCCC	6	4.86302e-05
chr5	36876823	T	TCCCCCCCCCCCCCCCCCCCCCCCCCCCCCCC	2	1.62096e-05
chr5	36876823	T	TCCCCCCCCCCCCCCCCCCCCCCCCCCCCCCCCC	2	1.62096e-05
chr5	36876823	T	TCCCCCCCCCCCCCCCCCCCCCCCCCCCCCCCCCC	1	8.10478e-06
chr5	36876823	T	TCCCCCCCCCCCCCCCCCCCCCCCCCCCCCCCCCCC	6	4.86295e-05
chr5	36876823	T	TCCCCCCCCCCCCCCCCCCCCCCCCCCCCCCCCCCCC	3	2.43147e-05
chr5	36876823	T	TCCCCCCCCCCCCCCCCCCCCCCCCCCCCCCCCCCCCC	2	1.62096e-05
chr5	36876823	T	TG	0	0
chr5	36876823	T	TGCCC	0	0
chr5	36876823	TC	T	247	0.00200198
chr5	36876823	TCCCCCCGCCCTCC	T	1	8.10478e-06
chr5	36876824	C	G	0	0
chr5	36876824	C	T	1	8.02336e-06
chr5	36876825	C	CCCCCGCCCT	1	6.94174e-06
chr5	36876825	C	T	1	6.94174e-06
chr5	36876826	C	A	6	4.18002e-05
chr5	36876826	C	CCCCG	1	6.9667e-06
chr5	36876826	C	CGGGGGGGGGGG	0	0
chr5	36876827	C	CA	0	0
chr5	36876827	C	CCCCCCCCCCCCCCCCCCCCCCCCCCCGCA	1	7.29544e-06
chr5	36876828	C	G	1	7.36301e-06
chr5	36876828	C	T	1	7.36301e-06
chr5	36876829	C	CCCCCCCCCCCCCCCCCCCCCCCCCCG	0	0
chr5	36876829	C	CCCCCCCCCCCCCCCCCCCCCCCCCG	1	7.33235e-06
chr5	36876829	C	CCCCCCCCCCCCCCCCCCCCCCCCCGT	0	0
chr5	36876829	C	T	0	0
chr5	36876829	CG	C	31	0.000227339
chr5	36876829	CGCCCT	C	28	0.00020552
chr5	36876830	G	A	3	4.43276e-05
chr5	36876830	G	C	16670	0.287216
chr5	36876830	G	GC	0	0
chr5	36876830	G	GCCCC	10	0.000147785
chr5	36876830	G	GCCCCCCCC	5	7.38858e-05
chr5	36876830	G	GCCCCCCCCC	3	4.43276e-05
chr5	36876830	G	GCCCTCCCCC	4	5.91034e-05
chr5	36876830	G	T	0	0
chr5	36876831	C	T	1	7.61383e-06
chr5	36876832	C	CCCCCCCCCCCCCCCCCCCCCCG	1	7.40796e-06
chr5	36876832	C	CCCCCCCCCCCCCCCCCCCCCCGCTT	1	7.40785e-06
chr5	36876832	C	T	3	2.22235e-05
chr5	36876833	C	CCCCCCCCCCCCCCCCCCCCCCCCA	1	7.21542e-06
chr5	36876833	C	CCCCCCCCCCCCCCCCCCCCCGG	1	7.21542e-06
chr5	36876833	C	T	1	7.21542e-06
chr5	36876833	CT	C	15	0.000108238
chr5	36876834	T	A	0	0
chr5	36876834	T	C	16619	0.321625
chr5	36876834	T	G	4	6.45765e-05
chr5	36876834	T	TC	330	0.00532739
chr5	36876834	T	TCCCC	19	0.000306838
chr5	36876834	T	TCCCCC	1	1.61436e-05
chr5	36876834	T	TCCCCCCC	1	1.61436e-05
chr5	36876834	T	TCCCCCCCC	2	3.22872e-05
chr5	36876834	T	TCCCCCCCCCC	1	1.61436e-05
chr5	36876834	T	TCCCCCCCCCCC	1	1.61452e-05
chr5	36876834	T	TCCCCCCCCCCCC	2	3.22872e-05
chr5	36876834	T	TCCCCCCCCCCCCCC	1	1.61436e-05
chr5	36876834	T	TCCCCCCCCCCCCCCC	0	0
chr5	36876834	TC	T	61	0.000984888
chr5	36876835	C	A	0	0
chr5	36876835	C	CCCCCCCCCCCCCCCCCCCG	1	7.20357e-06
chr5	36876837	C	T	2	1.37189e-05
chr5	36876838	C	CCCCCCCCCCCCCCCCCCG	0	0
chr5	36876838	C	G	2	1.36379e-05
chr5	36876838	C	T	1	6.81896e-06
chr5	36876839	C	A	2	1.3575e-05
chr5	36876840	C	A	4	2.70896e-05
chr5	36876840	C	G	2	1.35446e-05
chr5	36876840	C	T	2	1.35446e-05
chr5	36876841	C	A	5	3.38094e-05
chr5	36876841	C	G	13	8.79032e-05
chr5	36876841	C	T	7	4.73325e-05
chr5	36876842	C	CCCCCCCCCCCCGG	1	6.76911e-06
chr5	36876842	C	G	1	6.76901e-06
chr5	36876842	C	T	1	6.76901e-06
chr5	36876842	CT	C	38	0.000257233
chr5	36876842	CTCCCTCCGTCGGTACCGACTCACCCGACACCACCAAGCCGCAGGGAGGGACG	C	7	4.73914e-05
chr5	36876843	T	A	0	0
chr5	36876843	T	C	12436	0.348699
chr5	36876843	T	G	6	0.000122885
chr5	36876844	C	CCCCCCCCCCCCA	1	6.767e-06
chr5	36876844	C	CCCCCCCCCCCCCCCCCCCCCCCCCCA	1	6.767e-06
chr5	36876845	C	CCCCCCCCCCCCCCCCCCCCCCCCCCA	0	0
chr5	36876845	C	T	9	6.07058e-05
chr5	36876846	C	CCCCCCCCCCCCCCCCCCCCCCCCCA	1	6.73909e-06
chr5	36876846	C	CCCCCCCCCCG	0	0
chr5	36876846	C	T	1	6.73909e-06
chr5	36876846	CTCCGTCGGTACCGACTCA	C	4	2.69571e-05
chr5	36876847	T	C	8906	0.299462
chr5	36876848	C	CCCCCCCCG	1	6.75256e-06
chr5	36876848	C	CCCCCCG	6	4.05164e-05
chr5	36876848	C	T	6	4.05154e-05
chr5	36876849	C	A	2	1.35654e-05
chr5	36876849	C	CCCCCCG	0	0
chr5	36876849	C	CCCCCG	6	4.07022e-05
chr5	36876849	C	CCCCCGG	1	6.7827e-06
chr5	36876849	CGT	C	5	3.39158e-05
chr5	36876849	CGTCGGTA	C	2427	0.0171058
chr5	36876849	CGTCGGTACCGACTCA	C	1	6.78288e-06
chr5	36876850	G	C	910	0.0542118
chr5	36876851	T	C	186	0.00560984
chr5	36876851	T	G	0	0
chr5	36876851	T	TCCC	2	4.73754e-05
chr5	36876852	CGGT	C	0	0
chr5	36876852	CGGTA	C	0	0
chr5	36876853	G	C	0	0
chr5	36876853	G	T	1	1.81436e-05
chr5	36876856	A	C	1	1.25059e-05
chr5	36876858	C	T	0	0
chr5	36876858	CGA	C	1	7.23861e-06
chr5	36876858	CGACT	C	7	5.07158e-05
chr5	36876858	CGACTCA	C	69	0.000510159
chr5	36876859	G	C	1	1.69774e-05
chr5	36876859	G	T	2	3.39489e-05
chr5	36876860	A	C	9	0.00013434
chr5	36876862	T	C	0	0
chr5	36876863	C	T	0	0
chr5	36876864	A	C	1	2.26122e-05
chr5	36876865	C	A	168	0.00114374
chr5	36876865	C	G	4	2.72309e-05
chr5	36876867	C	A	1	6.72459e-06
chr5	36876867	CGA	C	0	0
chr5	36876869	A	C	0	0
chr5	36876874	A	C	0	0
chr5	36876876	C	G	1	6.68306e-06
chr5	36876878	A	C	1	9.05158e-06
chr5	36876879	G	A	1	8.95592e-06
chr5	36876880	C	G	1	6.75603e-06
chr5	36876880	C	T	1	6.75603e-06
chr5	36876886	G	A	2	1.44557e-05
chr5	36876895	C	T	3	2.01949e-05
chr5	36876898	C	T	1	6.62998e-06
chr5	36876899	C	A	1	6.63693e-06
chr5	36876900	G	A	4	3.21264e-05
chr5	36876903	G	A	1	7.54614e-06
chr5	36876905	C	T	1	6.64549e-06
chr5	36876905	CAGG	C	1	6.64549e-06
chr5	36876911	A	G	2	1.41113e-05
chr5	36876913	T	C	1	7.2629e-06
chr5	36876916	G	T	1	6.6439e-06
chr5	36876919	C	T	1	6.86587e-06
chr5	36876920	C	T	3	2.01963e-05
chr5	36876921	C	T	1	6.65646e-06
chr5	36876922	G	C	1	6.76966e-06
chr5	36876922	G	T	3	2.0309e-05
chr5	36876924	G	A	1	6.63975e-06
chr5	36876924	G	T	1	6.63975e-06
chr5	36876925	C	T	52	0.000346856
chr5	36876928	G	A	1	6.73192e-06
chr5	36876939	C	A	1	6.59631e-06
chr5	36876939	C	T	1	6.59631e-06
chr5	36876942	C	A	1	6.59239e-06
chr5	36876942	C	G	1	6.59239e-06
chr5	36876942	C	T	1	6.59239e-06
chr5	36876944	G	A	2	1.33652e-05
chr5	36876946	T	A	427	0.00287271
chr5	36876951	C	G	3	1.9819e-05
chr5	36876951	C	T	96	0.000634208
chr5	36876952	G	C	2	1.31876e-05
chr5	36876957	C	T	2	1.31909e-05
chr5	36876959	T	C	3	1.99375e-05
chr5	36876960	G	T	1	6.58579e-06
chr5	36876962	T	G	1	6.62374e-06
chr5	36876963	C	T	1	6.59996e-06
chr5	36876971	TGTGA	T	8	5.28716e-05
chr5	36876976	G	A	1	6.58449e-06
chr5	36876984	A	C	1	6.60816e-06
chr5	36876984	A	G	1	6.60816e-06
chr5	36876988	GGGAGAA	G	16	0.000105339
chr5	36876990	G	A	5	3.29186e-05
chr5	36876990	GAGA	G	2	1.31674e-05
chr5	36876993	A	G	17	0.000113167
chr5	36876993	AAGG	A	2	1.33149e-05
chr5	36876993	AAGGAGG	A	10	6.6569e-05
chr5	36876994	AGGAG	A	2	1.32195e-05
chr5	36877002	G	A	1	6.58033e-06
chr5	36877005	G	A	20	0.000131615
chr5	36877007	GGAA	G	3	1.97504e-05
chr5	36877008	G	A	3	1.9755e-05
chr5	36877010	A	G	1	6.597e-06
chr5	36877015	A	C	99	0.000653569
chr5	36877020	A	G	1	6.60659e-06
chr5	36877027	G	T	1	6.58935e-06
chr5	36877029	C	G	1	6.59396e-06
chr5	36877035	G	A	1	6.58987e-06
chr5	36877040	G	A	1	6.59144e-06
chr5	36877045	C	T	1	6.60371e-06
chr5	36877046	C	G	1	6.60319e-06
chr5	36877046	C	T	2	1.32064e-05
chr5	36877047	C	T	1	6.60031e-06
chr5	36877048	C	G	9	5.93636e-05
chr5	36877048	C	T	1	6.59596e-06
chr5	36877049	C	G	3	1.97819e-05
chr5	36877049	C	T	12	7.91275e-05
chr5	36877052	C	T	1	6.59605e-06
chr5	36877054	C	G	1	6.59126e-06
chr5	36877054	C	T	1	6.59126e-06
chr5	36877057	C	T	2	1.31876e-05
chr5	36877059	T	A	1	6.62989e-06
chr5	36877064	C	G	3	1.97785e-05
chr5	36877066	C	G	1	6.58614e-06
chr5	36877066	C	T	1	6.58614e-06
chr5	36877072	G	A	2	1.31808e-05
chr5	36877073	A	AG	1	6.61419e-06
chr5	36877075	G	A	1	6.5825e-06
chr5	36877078	AC	A	0	0
chr5	36877080	G	A	1	6.58649e-06
chr5	36877081	G	A	1	6.58614e-06
chr5	36877097	CA	C	1	6.60886e-06
chr5	36877098	A	AC	7	4.87072e-05
chr5	36877098	A	C	1	6.95826e-06
chr5	36877098	AC	A	7	4.87079e-05
chr5	36877100	C	A	0	0
chr5	36877102	C	A	4	2.63713e-05
chr5	36877102	C	G	2	1.31857e-05
chr5	36877103	C	A	2	1.31989e-05
chr5	36877103	C	G	7	4.61961e-05
chr5	36877103	C	T	3	1.97983e-05
chr5	36877104	C	A	26	0.000171348
chr5	36877104	C	G	44	0.000289974
chr5	36877104	C	T	11	7.24934e-05
chr5	36877105	C	A	6	3.95189e-05
chr5	36877105	C	G	6	3.95189e-05
chr5	36877105	C	T	9	5.92784e-05
chr5	36877106	T	A	2	1.45719e-05
chr5	36877106	T	C	2	1.45728e-05
chr5	36877106	T	G	0	0
chr5	36877108	C	T	1	6.58042e-06
chr5	36877109	C	T	4	2.63505e-05
chr5	36877110	G	A	2	1.37713e-05
chr5	36877110	G	C	2	1.37713e-05
chr5	36877111	G	C	5	3.30618e-05
chr5	36877112	C	G	1	6.60345e-06
chr5	36877114	C	G	1	6.59126e-06
chr5	36877115	G	A	1	6.66285e-06
chr5	36877116	G	A	3	1.98313e-05
chr5	36877116	G	T	0	0
chr5	36877117	A	C	0	0
chr5	36877118	T	G	1	7.0494e-06
chr5	36877118	T	TTATA	3	2.11479e-05
chr5	36877123	G	C	1	6.61647e-06
chr5	36877125	C	T	1	6.62225e-06
chr5	36877127	C	T	1	6.61524e-06
chr5	36877131	C	T	1	6.59874e-06
chr5	36877134	C	T	1	6.60266e-06
chr5	36877135	A	G	1	6.77241e-06
chr5	36877138	G	A	1	6.66729e-06
chr5	36877141	C	G	2	1.31796e-05
chr5	36877144	G	C	1	6.65504e-06
chr5	36877145	G	C	1	6.58979e-06
chr5	36877150	C	T	4	2.63394e-05
chr5	36877151	C	T	1	6.58571e-06
chr5	36877152	C	G	2	1.31647e-05
chr5	36877153	T	C	3	2.04943e-05
chr5	36877154	T	C	1	6.63852e-06
chr5	36877154	T	G	1	6.63852e-06
chr5	36877155	G	A	1	6.60301e-06
chr5	36877160	C	G	1	6.59526e-06
chr5	36877165	G	C	1	6.61131e-06
chr5	36877166	C	G	1	6.58788e-06
chr5	36877167	C	G	2	1.31683e-05
chr5	36877169	A	G	1	6.67806e-06
chr5	36877172	C	CAT	1	6.59352e-06
chr5	36877173	G	T	1	6.61105e-06
chr5	36877176	C	T	1	6.58345e-06
chr5	36953621	T	G	3	1.97161e-05
chr5	36953628	A	G	2	1.31422e-05
chr5	36953668	T	C	3	1.97122e-05
chr5	36953672	G	C	7	4.60236e-05
chr5	36953673	G	A	1	6.57497e-06
chr5	36953676	A	G	1	6.57142e-06
chr5	36953677	C	T	1	6.57289e-06
chr5	36953681	A	G	1	6.56953e-06
chr5	36953693	C	A	4	2.62874e-05
